RNASEQ_SAMPLE_ID,RESPONSE
EA-819d1ef2fc00,0
EA-7831642faee0,0
EA-f6bd15e319ed,0
EA-8acebdd0ec4d,0
EA-6ca4a28f1733,1
EA-92f251f8f8f8,0
EA-aec378e09028,1
EA-1fe451fdc86a,0
EA-5490a3f5cc84,0
EA-346c20477410,1
EA-8918f2c6643b,0
EA-21682c01ba24,0
EA-850791438641,1
EA-c5e93c546b30,0
EA-ac77295b4299,0
EA-8737b16892db,0
EA-631d940ffc0d,0
EA-19a3bba95ac6,0
EA-c49f16bae019,1
EA-c323ed492053,0
EA-9507745845f2,0
EA-606df4bac73b,0
EA-06bbef2690e4,1
EA-3765536d1e9d,1
EA-d6b16d18f363,0
EA-f69d8fe99994,0
EA-b33a50582e81,0
EA-c4fd915ba05a,0
EA-d0f4b7d20aad,1
EA-56739cb05dda,0
EA-1cd34ad01403,0
EA-836ca9367612,0
EA-204f85f53cb2,0
EA-9c94e735a1ba,0
EA-4220b6b38822,0
EA-29dfe55d42f8,0
EA-324a1aac25ad,0
EA-deaa0a8f52be,0
EA-c4a7a9dec2db,0
EA-9fc4238c71aa,0
EA-8102d0d9dba6,0
EA-db1289afd095,0
EA-83483f9ea0ab,1
EA-5cfecf951bff,0
EA-cb89335376a9,0
EA-bda1858f59ce,0
EA-d5dd05f4e628,0
EA-f73f99d5b001,0
EA-e42bdf3f2eda,0
EA-360ddb45f05d,0
EA-76aeded16b84,0
EA-56ea25a42f0d,0
EA-25e074736b00,0
EA-85240ca88a77,1
EA-0e648645592f,1
EA-e3162df166c8,0
EA-65d47ca90df7,0
EA-7e0e234ffc0f,0
EA-a338a2fd3870,0
EA-3eac12ecf660,0
EA-7681fcf7aea2,0
EA-0fa4e01969f1,0
EA-6d5532c73ef8,1
EA-8a8d2f04739a,1
EA-2f5cddf7cb27,0
EA-0e4050916db1,0
EA-7ddf4ae6d5fb,1
EA-977b9a107fb3,0
EA-25726e2b52bc,0
EA-96fe83d819f0,0
EA-7ed759702547,0
EA-55d1ee854d99,0
EA-3de803909085,0
EA-486b68220f6d,0
EA-e2a68f48241a,0
EA-275e398f0b80,1
EA-5f8f3987b220,0
