RNASEQ_SAMPLE_ID,RESPONSE
SAMc1b27bc16435,1
SAMf275eb859a39,1
SAM7f0d9cc7f001,0
SAM4305ab968b90,0
SAMcf018fee2acd,0
SAMb2f1d0e54ece,1
SAMcc4675f394a1,0
SAM49f9b2e57aa5,0
SAM2e7aa8fa0ab3,0
SAMdf3e42c8672a,0
SAMd027124354ce,1
SAM36d87392593b,0
SAM36a9225b0222,0
SAMe7bf6c015192,0
SAM6dd7ad1d797d,0
SAMc0d625a50eb8,0
SAM18039827e1b9,0
SAM681e4bf7cf85,1
SAMc692536a795a,0
SAM9a2cf3c06fb3,0
SAM557dde1b9f3e,0
SAM23aa15d4a0b0,0
SAM468a9e1dc821,0
SAM81b71522417a,0
SAM6cb230f208a8,1
SAM0684af734db1,1
SAMb963dda93cfd,0
SAMa9ca8536d2b1,0
SAM9fb814c22bdb,0
SAMbcbc7957c264,0
SAM7fb6987514a4,0
SAM63405b04ab2d,0
SAM18bc1078bc15,0
SAM7d2dfba6cd84,0
SAMd1bd63734394,0
SAMe9ae8beb82fa,0
SAMb0a83e5fbde9,0
SAMba7176afe070,0
SAMae1690469964,0
SAMbe83eae4026e,0
SAMe5bc41772bc9,0
SAM23095936e611,0
SAM7114d99032ec,0
SAMd215b503f99a,0
SAMdb3f50c9129c,0
SAMbf1a3ae828e6,1
SAM52e3fa3ad574,0
SAMd4c0837b0997,0
SAM9cafb905b36a,0
SAM032c642382a7,0
SAMb419a8fcbfcd,1
SAM8884fe446d20,1
SAM2070b416069c,0
SAM0ce9c983b20f,0
SAMa1e62d323e1d,0
SAM61baf919bb01,0
SAM97a00e0929fb,1
SAM2f228939632f,0
SAM9539a4f19ebc,0
SAM36851bc8b9ae,0
SAM297c0301e861,0
SAM1fa6bcb7fc48,0
SAM075e037d95bc,1
SAM6d2ae0c39b96,0
SAMcabb6d58ff55,0
SAM716f54e468f4,0
SAMeff2ce356ccb,0
SAM110501d0eedb,0
SAM2e9ac0b1b250,1
SAMc0ef41aa6c8b,0
SAMd636e3461955,0
SAMe712352fb82a,1
SAM30b5c6c54cf7,1
SAMd98bac0a070f,0
SAM8e8ef2368dfa,0
SAM08cce2fa88f2,0
SAMb4c7a001537d,0
SAMfd947610629d,0
SAM943df5cf15df,0
SAM31f41dd0d6ca,0
SAMb3c02294aba7,1
SAM39eb94fa504d,0
SAM62fb1388c871,0
SAMc0da5d48686d,0
SAMe7bcab05402e,0
SAM2570ff4aae6e,1
SAM2dc3f04e45e9,0
SAM4501e41e4751,0
SAM5b57e47fdcb3,0
SAMae4da274eded,0
SAMd35318127278,1
SAMa913c6139ec8,0
SAM75142fcab9df,0
SAMd697ba701077,0
SAM166a419a4e5a,0
SAM025b45c27e05,0
SAMe07c4560772d,0
SAM560f23d6a3ad,1
SAM52500cabdd36,0
SAM14df63a65411,1
SAMf3a9bce50099,0
SAMffa5c7cad0e5,1
SAMdab9ca8fb5de,0
SAM34430ef08e5b,0
SAM4b0175e8db6e,0
SAMf28c01545593,0
SAMaec7380f9ab0,1
SAMe94c30c30616,0
SAM54e58f1b0230,0
SAM5e3bae090b8c,0
SAM3cb94b0d5297,0
SAM61b9d4d84c64,0
SAMcb132b0cdd2c,0
SAMe97af0feefdf,0
SAMee3844cc0b9f,0
SAMdcae54fcd7fa,0
SAMdad5c29dc105,0
SAMa424c75831b4,0
SAM28687037e4ff,0
SAMe50d15fde368,1
SAM45c8e6412c66,0
SAM8533e5e261d6,1
SAMaaf505c36f93,1
SAM73663ee4a96e,1
SAM0bdb3428bd13,0
SAM3330c03fdf00,0
SAM0a7c2091dd56,0
SAM7bff231634e9,0
SAM5d1dfd5207f5,0
SAMeb587a68006b,0
SAM99a46b9eec27,0
SAM1ac4e3dee297,0
SAM553c3c35b847,0
SAM3e04eb914f3d,1
SAMc2a1820d4e6b,1
SAM822b226466a1,0
SAMabc151b01ea3,0
SAMe1eb5d988760,1
SAMe3210d3632b4,0
SAMb15ad09d6e24,0
SAM7893196e0e89,0
SAM961d04c42bd9,0
SAMb0d11db9aa79,0
SAM19fec8f3b3bd,0
SAM6083aac8db99,1
SAMa90d73f8d891,0
SAM415f36ad349e,0
SAM7c67b05aa109,0
SAMad83c9c53537,0
SAM3e8baff50d7a,0
SAM3ee5dcd894f0,0
SAM8a1b0e02ee42,1
SAMd7d57ee3a863,1
SAMeb29625f76a5,0
SAM563d6233dfa2,0
SAMa1871f491b02,0
SAM30cf07d4874f,0
SAMd135d5867fe3,0
SAM9e11ec6bea80,0
SAM065890737112,1
SAMb470eb8f04be,1
SAM675a12a09c15,0
SAM1e9c4d1d39ae,0
SAM5a2347c0498a,0
SAM0571f17f4045,0
SAM4b7ea015fd9e,0
SAM9306c5c92444,0
SAMb15ac6e4c4ef,1
SAM28e6031ac18b,0
SAMd86389d0d768,0
SAM63b2189c36d7,0
SAM18be5b395318,0
SAM0d855cff64e6,0
SAM6cbc10abddb0,0
SAMdee1011782cd,0
SAMe9475f77504b,0
SAMa535fcdf18a0,1
SAM548551ef782c,1
SAM203dcf14f927,1
SAMe41b1e773582,0
SAM978a587b207e,0
SAM5234688806a7,0
SAM2c9586161ce6,0
SAM76a431ba6ce1,0
SAM8f2275c36e8c,0
SAMab8052a03398,0
SAMd3bd67996035,1
SAM753d4bb52dbe,0
SAMd3601288319e,1
SAM59f392864f5d,0
SAM26104d5adc89,0
SAMba1a34b5a060,0
SAM18a4dabbc557,0
SAMfb7aec7cb0e2,1
SAMfed609955db9,0
SAMb8070b7937e7,0
SAMf2aae1443f67,0
SAM2bba8cb35e48,0
SAM5c139c5c1c4f,0
SAMc1251c7bfee2,1
SAM6780ed436b55,0
SAM85f0a3ac1c45,0
SAM9d2494119c05,0
SAM9410b866974a,0
SAM5d989c86255e,0
SAM27299aed7681,1
SAM49d48750e294,0
SAMd43f8933066b,1
SAM7aa01fc49a80,0
SAM0257bbbbd388,0
SAMc919aebc7fdd,1
SAMa321770ac31c,0
SAM3894ac3956a5,0
SAM1c0ecfb3eb63,0
SAMbcb07ba81cee,0
SAM9aa6a095a9d6,0
SAM957378bd907f,0
SAMf82bbdc267c8,0
SAM2624229effe8,0
SAMd2492b2a31bb,0
SAM670649e105b5,1
SAM91c47b054ffb,1
SAM5fe7a81a39dd,0
SAM29da928587ad,0
SAM0a0f2bac4b20,0
SAM8e469834acc1,0
SAM12502d970c10,0
SAM7d7c54623618,1
SAM181b638b8248,0
SAMbfdffb97c446,0
SAM3b15b4c6311d,1
SAM1c8b086175ca,0
SAMeaa477a5384b,1
SAM1dda30f1c5be,0
SAM9daccafc18db,0
SAM2eb07dedf07f,1
SAM25510f300d79,1
SAMbda79f955628,0
SAM187e056d6a2a,0
SAMbc8dc3a7b54e,0
SAM7b40007f4aa4,1
SAM568ce160abd9,0
SAM14938611a2d3,1
SAM1a87df750b9d,0
SAMae02629a97f7,0
SAM47fc46c3d6be,0
SAM7829a341b9f3,0
SAM0f956e757453,0
SAMaf42c1541269,0
SAM09c84ec0cf34,0
SAM7538ad9ff524,0
SAMb2e4a082541a,0
SAM771445e92421,1
SAM59fda9035d1d,0
SAM727c0e92a2a7,1
SAM6f2a102a99df,1
SAMe56c96c51190,0
SAM2b672f4336c7,0
SAM1ab1b28d9f2b,0
SAM6662f5181f87,0
SAMe0c49ea0df5d,0
SAM18b9351e265a,0
SAM7fb7a13c096b,0
SAM87a8e18eb45b,0
SAM9725303dce0c,0
SAM6ff654a20f98,1
SAM65afda25b920,0
SAMef0e3d2415fd,0
SAM07a93a28f801,1
SAM94859b440b1d,0
SAM58e7832f4e7d,1
SAMc57eadb2d82b,0
SAM5767dd75d142,1
SAMaabf4afe4213,0
SAMcc7a42d87e9c,1
SAMce39dd79b441,0
SAM75f12d1a55fc,0
SAM6964a6d7b967,0
SAM3b1066e5801b,0
SAMf20b827dca51,0
SAM6792d6e98068,0
SAM31d9176e11fb,1
SAM5cc2d9036053,0
SAMb8101c538753,0
SAM80c6183220e6,0
SAM572f19794c96,1
SAM1abf01dd4544,1
SAM1f83ebd6be9b,0
SAM1f66db567eb5,1
SAM6157c8f38b72,1
SAMe7e4f7c076a7,0
SAM4caabd64e7fd,1
SAMc6eff056c89a,0
SAM5cfa1699bdb7,0
SAMda4d892fddc8,0
SAM3a1c9632ff7b,0
SAM8b4b8b0f9e73,0
SAMe3d4266775a9,0
